"F6Y5XwsjuD8oR4W7ivoQ","10852","pan right","press","0","0","null",NULL,NULL,NULL,NULL,NULL,NULL,NULL,NULL,NULL,"75"
"F6Y5XwsjuD8oR4W7ivoQ","10979","pan right","release","-0.08","0","null",NULL,NULL,NULL,NULL,NULL,NULL,NULL,NULL,NULL,"75"
"F6Y5XwsjuD8oR4W7ivoQ","11485","pan right","press","-0.08","0","null",NULL,NULL,NULL,NULL,NULL,NULL,NULL,NULL,NULL,"75"
"F6Y5XwsjuD8oR4W7ivoQ","13555","pan right","release","-1.31","0","null",NULL,NULL,NULL,NULL,NULL,NULL,NULL,NULL,NULL,"75"
"F6Y5XwsjuD8oR4W7ivoQ","14213","zoom in","press","-1.31","0","null",NULL,NULL,NULL,NULL,NULL,NULL,NULL,NULL,NULL,"75"
"F6Y5XwsjuD8oR4W7ivoQ","15155","zoom in","release","-1.31","0","null",NULL,NULL,NULL,NULL,NULL,NULL,NULL,NULL,NULL,"42.7201"
"F6Y5XwsjuD8oR4W7ivoQ","17161","Land Vehicle","press","-1.31","0","Land Vehicle",NULL,NULL,NULL,NULL,NULL,NULL,NULL,NULL,NULL,"42.7201"
"F6Y5XwsjuD8oR4W7ivoQ","17962","Land Vehicle","release","-1.31","0","Land Vehicle","60","60","120","120",NULL,NULL,NULL,NULL,NULL,"42.7201"
"F6Y5XwsjuD8oR4W7ivoQ","19243","resize new tag","press","-1.31","0","Land Vehicle","584","419","120","120",NULL,NULL,NULL,NULL,NULL,"42.7201"
"F6Y5XwsjuD8oR4W7ivoQ","19580","resize new tag","release","-1.31","0","Land Vehicle","538","359","211","240",NULL,NULL,NULL,NULL,NULL,"42.7201"
"F6Y5XwsjuD8oR4W7ivoQ","20193","submit new tag","press","-1.31","0","Land Vehicle",NULL,NULL,"211","240","1.95289","-0.0674819","-0.265607","0.434948","0.49371","42.7201"
"F6Y5XwsjuD8oR4W7ivoQ","23505","A Tree","press","-1.31","0","A Tree",NULL,NULL,NULL,NULL,NULL,NULL,NULL,NULL,NULL,"42.7201"
"F6Y5XwsjuD8oR4W7ivoQ","23835","A Tree","release","-1.31","0","A Tree","584","419","120","120",NULL,NULL,NULL,NULL,NULL,"42.7201"
"F6Y5XwsjuD8oR4W7ivoQ","28658","Floating Object","press","-1.31","0","Floating Object",NULL,NULL,NULL,NULL,NULL,NULL,NULL,NULL,NULL,"42.7201"
"F6Y5XwsjuD8oR4W7ivoQ","29456","Floating Object","release","-1.31","0","Floating Object","400","317","120","120",NULL,NULL,NULL,NULL,NULL,"42.7201"
"F6Y5XwsjuD8oR4W7ivoQ","30764","move new tag","press","-1.31","0","Floating Object","497","276","120","120",NULL,NULL,NULL,NULL,NULL,"42.7201"
"F6Y5XwsjuD8oR4W7ivoQ","31034","move new tag","release","-1.31","0","Floating Object","497","84","120","120",NULL,NULL,NULL,NULL,NULL,"42.7201"
"F6Y5XwsjuD8oR4W7ivoQ","34569","submit new tag","press","-1.31","0","Floating Object",NULL,NULL,"120","120","1.90105","0.489325","-0.338127","0.25149","0.235325","42.7201"
"F6Y5XwsjuD8oR4W7ivoQ","35062","Land Vehicle","press","-1.31","0","Land Vehicle",NULL,NULL,NULL,NULL,NULL,NULL,NULL,NULL,NULL,"42.7201"
"F6Y5XwsjuD8oR4W7ivoQ","35814","Land Vehicle","release","-1.31","0","Land Vehicle","497","276","120","120",NULL,NULL,NULL,NULL,NULL,"42.7201"
"F6Y5XwsjuD8oR4W7ivoQ","38165","submit new tag","press","-1.31","0","Land Vehicle",NULL,NULL,"120","120","1.6888","0.507784","-0.929395","0.237722","0.208836","42.7201"
"F6Y5XwsjuD8oR4W7ivoQ","38806","Construction Machine","press","-1.31","0","Construction Machine",NULL,NULL,NULL,NULL,NULL,NULL,NULL,NULL,NULL,"42.7201"
"F6Y5XwsjuD8oR4W7ivoQ","39544","Construction Machine","press","-1.31","0","Construction Machine",NULL,NULL,NULL,NULL,NULL,NULL,NULL,NULL,NULL,"42.7201"
"F6Y5XwsjuD8oR4W7ivoQ","40288","Construction Machine","release","-1.31","0","Construction Machine","183","67","120","120",NULL,NULL,NULL,NULL,NULL,"42.7201"
"F6Y5XwsjuD8oR4W7ivoQ","42304","submit new tag","press","-1.31","0","Construction Machine",NULL,NULL,"120","120","1.92066","0.53046","0.000661197","0.237528","0.235419","42.7201"
"F6Y5XwsjuD8oR4W7ivoQ","43526","Floating Object","press","-1.31","0","Floating Object",NULL,NULL,NULL,NULL,NULL,NULL,NULL,NULL,NULL,"42.7201"
"F6Y5XwsjuD8oR4W7ivoQ","44167","Floating Object","press","-1.31","0","Floating Object",NULL,NULL,NULL,NULL,NULL,NULL,NULL,NULL,NULL,"42.7201"
"F6Y5XwsjuD8oR4W7ivoQ","44846","Floating Object","press","-1.31","0","Floating Object",NULL,NULL,NULL,NULL,NULL,NULL,NULL,NULL,NULL,"42.7201"
"F6Y5XwsjuD8oR4W7ivoQ","45466","Floating Object","release","-1.31","0","Floating Object","669","55","120","120",NULL,NULL,NULL,NULL,NULL,"42.7201"
"F6Y5XwsjuD8oR4W7ivoQ","46562","move new tag","press","-1.31","0","Floating Object","535","45","120","120",NULL,NULL,NULL,NULL,NULL,"42.7201"
"F6Y5XwsjuD8oR4W7ivoQ","47437","move new tag","release","-1.31","0","Floating Object","710","621","120","120",NULL,NULL,NULL,NULL,NULL,"42.7201"
"F6Y5XwsjuD8oR4W7ivoQ","48201","submit new tag","press","-1.31","0","Floating Object",NULL,NULL,"120","120","1.90834","-0.571131","0.0736537","0.229475","0.194446","42.7201"
"VW2NXiIeXZdzLWHziL5y","3691","zoom in","press","0","0","null",NULL,NULL,NULL,NULL,NULL,NULL,NULL,NULL,NULL,"75"
"VW2NXiIeXZdzLWHziL5y","3786","zoom in","release","0","0","null",NULL,NULL,NULL,NULL,NULL,NULL,NULL,NULL,NULL,"75"
"VW2NXiIeXZdzLWHziL5y","6937","zoom in","press","0","0","null",NULL,NULL,NULL,NULL,NULL,NULL,NULL,NULL,NULL,"75"
"VW2NXiIeXZdzLWHziL5y","7026","zoom in","release","0","0","null",NULL,NULL,NULL,NULL,NULL,NULL,NULL,NULL,NULL,"71.3243"
"VW2NXiIeXZdzLWHziL5y","7433","zoom in","press","0","0","null",NULL,NULL,NULL,NULL,NULL,NULL,NULL,NULL,NULL,"71.3243"
"VW2NXiIeXZdzLWHziL5y","7521","zoom in","release","0","0","null",NULL,NULL,NULL,NULL,NULL,NULL,NULL,NULL,NULL,"67.8287"
"VW2NXiIeXZdzLWHziL5y","7970","zoom in","press","0","0","null",NULL,NULL,NULL,NULL,NULL,NULL,NULL,NULL,NULL,"67.8287"
"VW2NXiIeXZdzLWHziL5y","8042","zoom in","release","0","0","null",NULL,NULL,NULL,NULL,NULL,NULL,NULL,NULL,NULL,"65.1559"
"VW2NXiIeXZdzLWHziL5y","8353","zoom in","press","0","0","null",NULL,NULL,NULL,NULL,NULL,NULL,NULL,NULL,NULL,"65.1559"
"VW2NXiIeXZdzLWHziL5y","8433","zoom in","release","0","0","null",NULL,NULL,NULL,NULL,NULL,NULL,NULL,NULL,NULL,"61.9626"
"VW2NXiIeXZdzLWHziL5y","8779","pan down","press","0","0","null",NULL,NULL,NULL,NULL,NULL,NULL,NULL,NULL,NULL,"61.9626"
"VW2NXiIeXZdzLWHziL5y","8842","pan down","release","0","-0.0247851","null",NULL,NULL,NULL,NULL,NULL,NULL,NULL,NULL,NULL,"61.9626"
"VW2NXiIeXZdzLWHziL5y","9162","pan down","press","0","-0.0247851","null",NULL,NULL,NULL,NULL,NULL,NULL,NULL,NULL,NULL,"61.9626"
"VW2NXiIeXZdzLWHziL5y","9259","pan down","release","0","-0.0660935","null",NULL,NULL,NULL,NULL,NULL,NULL,NULL,NULL,NULL,"61.9626"
"VW2NXiIeXZdzLWHziL5y","9979","pan up","press","0","-0.0660935","null",NULL,NULL,NULL,NULL,NULL,NULL,NULL,NULL,NULL,"61.9626"
"VW2NXiIeXZdzLWHziL5y","10058","pan up","release","0","-0.0330467","null",NULL,NULL,NULL,NULL,NULL,NULL,NULL,NULL,NULL,"61.9626"
"VW2NXiIeXZdzLWHziL5y","10147","pan up","press","0","-0.0330467","null",NULL,NULL,NULL,NULL,NULL,NULL,NULL,NULL,NULL,"61.9626"
"VW2NXiIeXZdzLWHziL5y","10218","pan up","release","0","-1.04083e-17","null",NULL,NULL,NULL,NULL,NULL,NULL,NULL,NULL,NULL,"61.9626"
"VW2NXiIeXZdzLWHziL5y","10298","pan up","press","0","-1.04083e-17","null",NULL,NULL,NULL,NULL,NULL,NULL,NULL,NULL,NULL,"61.9626"
"VW2NXiIeXZdzLWHziL5y","10355","pan up","release","0","0.0247851","null",NULL,NULL,NULL,NULL,NULL,NULL,NULL,NULL,NULL,"61.9626"
"VW2NXiIeXZdzLWHziL5y","10434","pan up","press","0","0.0247851","null",NULL,NULL,NULL,NULL,NULL,NULL,NULL,NULL,NULL,"61.9626"
"VW2NXiIeXZdzLWHziL5y","10497","pan up","release","0","0.0578318","null",NULL,NULL,NULL,NULL,NULL,NULL,NULL,NULL,NULL,"61.9626"
"VW2NXiIeXZdzLWHziL5y","10570","pan up","press","0","0.0578318","null",NULL,NULL,NULL,NULL,NULL,NULL,NULL,NULL,NULL,"61.9626"
"VW2NXiIeXZdzLWHziL5y","10642","pan up","release","0","0.0908785","null",NULL,NULL,NULL,NULL,NULL,NULL,NULL,NULL,NULL,"61.9626"
"VW2NXiIeXZdzLWHziL5y","10716","pan up","press","0","0.0908785","null",NULL,NULL,NULL,NULL,NULL,NULL,NULL,NULL,NULL,"61.9626"
"VW2NXiIeXZdzLWHziL5y","10794","pan up","release","0","0.123925","null",NULL,NULL,NULL,NULL,NULL,NULL,NULL,NULL,NULL,"61.9626"
"VW2NXiIeXZdzLWHziL5y","10858","pan up","press","0","0.123925","null",NULL,NULL,NULL,NULL,NULL,NULL,NULL,NULL,NULL,"61.9626"
"VW2NXiIeXZdzLWHziL5y","10946","pan up","release","0","0.173495","null",NULL,NULL,NULL,NULL,NULL,NULL,NULL,NULL,NULL,"61.9626"
"VW2NXiIeXZdzLWHziL5y","11010","pan up","press","0","0.173495","null",NULL,NULL,NULL,NULL,NULL,NULL,NULL,NULL,NULL,"61.9626"
"VW2NXiIeXZdzLWHziL5y","11090","pan up","release","0","0.214804","null",NULL,NULL,NULL,NULL,NULL,NULL,NULL,NULL,NULL,"61.9626"
"VW2NXiIeXZdzLWHziL5y","11164","pan up","press","0","0.214804","null",NULL,NULL,NULL,NULL,NULL,NULL,NULL,NULL,NULL,"61.9626"
"VW2NXiIeXZdzLWHziL5y","11250","pan up","release","0","0.256112","null",NULL,NULL,NULL,NULL,NULL,NULL,NULL,NULL,NULL,"61.9626"
"VW2NXiIeXZdzLWHziL5y","11314","pan up","press","0","0.256112","null",NULL,NULL,NULL,NULL,NULL,NULL,NULL,NULL,NULL,"61.9626"
"VW2NXiIeXZdzLWHziL5y","11404","pan up","release","0","0.297421","null",NULL,NULL,NULL,NULL,NULL,NULL,NULL,NULL,NULL,"61.9626"
"VW2NXiIeXZdzLWHziL5y","11481","pan up","press","0","0.297421","null",NULL,NULL,NULL,NULL,NULL,NULL,NULL,NULL,NULL,"61.9626"
"VW2NXiIeXZdzLWHziL5y","11563","pan up","release","0","0.338729","null",NULL,NULL,NULL,NULL,NULL,NULL,NULL,NULL,NULL,"61.9626"
"VW2NXiIeXZdzLWHziL5y","11659","pan up","press","0","0.338729","null",NULL,NULL,NULL,NULL,NULL,NULL,NULL,NULL,NULL,"61.9626"
"VW2NXiIeXZdzLWHziL5y","11715","pan up","release","0","0.371776","null",NULL,NULL,NULL,NULL,NULL,NULL,NULL,NULL,NULL,"61.9626"
"VW2NXiIeXZdzLWHziL5y","11802","pan up","press","0","0.371776","null",NULL,NULL,NULL,NULL,NULL,NULL,NULL,NULL,NULL,"61.9626"
"VW2NXiIeXZdzLWHziL5y","11881","pan up","release","0","0.413084","null",NULL,NULL,NULL,NULL,NULL,NULL,NULL,NULL,NULL,"61.9626"
"VW2NXiIeXZdzLWHziL5y","12490","pan left","press","0","0.413084","null",NULL,NULL,NULL,NULL,NULL,NULL,NULL,NULL,NULL,"61.9626"
"VW2NXiIeXZdzLWHziL5y","12580","pan left","release","0.0413084","0.413084","null",NULL,NULL,NULL,NULL,NULL,NULL,NULL,NULL,NULL,"61.9626"
"VW2NXiIeXZdzLWHziL5y","12650","pan left","press","0.0413084","0.413084","null",NULL,NULL,NULL,NULL,NULL,NULL,NULL,NULL,NULL,"61.9626"
"VW2NXiIeXZdzLWHziL5y","14104","pan left","release","0.760075","0.413084","null",NULL,NULL,NULL,NULL,NULL,NULL,NULL,NULL,NULL,"61.9626"
"VW2NXiIeXZdzLWHziL5y","15873","zoom in","press","0.760075","0.413084","null",NULL,NULL,NULL,NULL,NULL,NULL,NULL,NULL,NULL,"61.9626"
"VW2NXiIeXZdzLWHziL5y","15953","zoom in","release","0.760075","0.413084","null",NULL,NULL,NULL,NULL,NULL,NULL,NULL,NULL,NULL,"58.9259"
"VW2NXiIeXZdzLWHziL5y","16196","zoom in","press","0.760075","0.413084","null",NULL,NULL,NULL,NULL,NULL,NULL,NULL,NULL,NULL,"58.9259"
"VW2NXiIeXZdzLWHziL5y","16265","zoom in","release","0.760075","0.413084","null",NULL,NULL,NULL,NULL,NULL,NULL,NULL,NULL,NULL,"56.6039"
"VW2NXiIeXZdzLWHziL5y","16347","zoom in","press","0.760075","0.413084","null",NULL,NULL,NULL,NULL,NULL,NULL,NULL,NULL,NULL,"56.6039"
"VW2NXiIeXZdzLWHziL5y","16433","zoom in","release","0.760075","0.413084","null",NULL,NULL,NULL,NULL,NULL,NULL,NULL,NULL,NULL,"53.8298"
"VW2NXiIeXZdzLWHziL5y","16538","zoom in","press","0.760075","0.413084","null",NULL,NULL,NULL,NULL,NULL,NULL,NULL,NULL,NULL,"53.8298"
"VW2NXiIeXZdzLWHziL5y","16613","zoom in","release","0.760075","0.413084","null",NULL,NULL,NULL,NULL,NULL,NULL,NULL,NULL,NULL,"51.1916"
"VW2NXiIeXZdzLWHziL5y","16705","zoom in","press","0.760075","0.413084","null",NULL,NULL,NULL,NULL,NULL,NULL,NULL,NULL,NULL,"51.1916"
"VW2NXiIeXZdzLWHziL5y","16785","zoom in","release","0.760075","0.413084","null",NULL,NULL,NULL,NULL,NULL,NULL,NULL,NULL,NULL,"48.6827"
"VW2NXiIeXZdzLWHziL5y","22730","pan right","press","0.760075","0.413084","null",NULL,NULL,NULL,NULL,NULL,NULL,NULL,NULL,NULL,"48.6827"
"VW2NXiIeXZdzLWHziL5y","22794","pan right","release","0.740602","0.413084","null",NULL,NULL,NULL,NULL,NULL,NULL,NULL,NULL,NULL,"48.6827"
"VW2NXiIeXZdzLWHziL5y","23345","pan right","press","0.740602","0.413084","null",NULL,NULL,NULL,NULL,NULL,NULL,NULL,NULL,NULL,"48.6827"
"VW2NXiIeXZdzLWHziL5y","26312","pan right","release","-0.414801","0.413084","null",NULL,NULL,NULL,NULL,NULL,NULL,NULL,NULL,NULL,"48.6827"
"VW2NXiIeXZdzLWHziL5y","26440","pan right","press","-0.414801","0.413084","null",NULL,NULL,NULL,NULL,NULL,NULL,NULL,NULL,NULL,"48.6827"
"VW2NXiIeXZdzLWHziL5y","26512","pan right","release","-0.447256","0.413084","null",NULL,NULL,NULL,NULL,NULL,NULL,NULL,NULL,NULL,"48.6827"
"VW2NXiIeXZdzLWHziL5y","26597","pan right","press","-0.447256","0.413084","null",NULL,NULL,NULL,NULL,NULL,NULL,NULL,NULL,NULL,"48.6827"
"VW2NXiIeXZdzLWHziL5y","26681","pan right","release","-0.479711","0.413084","null",NULL,NULL,NULL,NULL,NULL,NULL,NULL,NULL,NULL,"48.6827"
"VW2NXiIeXZdzLWHziL5y","26713","pan right","press","-0.479711","0.413084","null",NULL,NULL,NULL,NULL,NULL,NULL,NULL,NULL,NULL,"48.6827"
"VW2NXiIeXZdzLWHziL5y","30529","pan right","release","-1.8623","0.413084","null",NULL,NULL,NULL,NULL,NULL,NULL,NULL,NULL,NULL,"48.6827"
"VW2NXiIeXZdzLWHziL5y","31394","pan down","press","-1.8623","0.413084","null",NULL,NULL,NULL,NULL,NULL,NULL,NULL,NULL,NULL,"48.6827"
"VW2NXiIeXZdzLWHziL5y","32178","pan down","release","-1.8623","0.108006","null",NULL,NULL,NULL,NULL,NULL,NULL,NULL,NULL,NULL,"48.6827"
"VW2NXiIeXZdzLWHziL5y","34816","pan left","press","-1.8623","0.108006","null",NULL,NULL,NULL,NULL,NULL,NULL,NULL,NULL,NULL,"48.6827"
"VW2NXiIeXZdzLWHziL5y","35384","pan left","release","-1.6416","0.108006","null",NULL,NULL,NULL,NULL,NULL,NULL,NULL,NULL,NULL,"48.6827"
"VW2NXiIeXZdzLWHziL5y","35969","Land Vehicle","press","-1.6416","0.108006","Land Vehicle",NULL,NULL,NULL,NULL,NULL,NULL,NULL,NULL,NULL,"48.6827"
"VW2NXiIeXZdzLWHziL5y","37352","Land Vehicle","press","-1.6416","0.108006","Land Vehicle",NULL,NULL,NULL,NULL,NULL,NULL,NULL,NULL,NULL,"48.6827"
"VW2NXiIeXZdzLWHziL5y","38488","Land Vehicle","press","-1.6416","0.108006","Land Vehicle",NULL,NULL,NULL,NULL,NULL,NULL,NULL,NULL,NULL,"48.6827"
"VW2NXiIeXZdzLWHziL5y","40523","pan left","press","-1.6416","0.108006","null",NULL,NULL,NULL,NULL,NULL,NULL,NULL,NULL,NULL,"48.6827"
"VW2NXiIeXZdzLWHziL5y","42107","pan left","release","-1.02496","0.108006","null",NULL,NULL,NULL,NULL,NULL,NULL,NULL,NULL,NULL,"48.6827"
"VW2NXiIeXZdzLWHziL5y","44556","pan down","press","-1.02496","0.108006","null",NULL,NULL,NULL,NULL,NULL,NULL,NULL,NULL,NULL,"48.6827"
"VW2NXiIeXZdzLWHziL5y","44899","pan down","release","-1.02496","-0.0283055","null",NULL,NULL,NULL,NULL,NULL,NULL,NULL,NULL,NULL,"48.6827"
"VW2NXiIeXZdzLWHziL5y","48731","pan right","press","-1.02496","-0.0283055","null",NULL,NULL,NULL,NULL,NULL,NULL,NULL,NULL,NULL,"48.6827"
"VW2NXiIeXZdzLWHziL5y","49035","pan right","release","-1.1418","-0.0283055","null",NULL,NULL,NULL,NULL,NULL,NULL,NULL,NULL,NULL,"48.6827"
"VW2NXiIeXZdzLWHziL5y","49963","Land Vehicle","press","-1.1418","-0.0283055","Land Vehicle",NULL,NULL,NULL,NULL,NULL,NULL,NULL,NULL,NULL,"48.6827"
"VW2NXiIeXZdzLWHziL5y","52164","Land Vehicle","press","-1.1418","-0.0283055","Land Vehicle",NULL,NULL,NULL,NULL,NULL,NULL,NULL,NULL,NULL,"48.6827"
"VW2NXiIeXZdzLWHziL5y","53410","Land Vehicle","release","-1.1418","-0.0283055","Land Vehicle","60","60","120","120",NULL,NULL,NULL,NULL,NULL,"48.6827"
"VW2NXiIeXZdzLWHziL5y","56363","resize new tag","press","-1.1418","-0.0283055","Land Vehicle","300","184","120","120",NULL,NULL,NULL,NULL,NULL,"48.6827"
"VW2NXiIeXZdzLWHziL5y","57124","resize new tag","release","-1.1418","-0.0283055","Land Vehicle","295","150","109","52",NULL,NULL,NULL,NULL,NULL,"48.6827"
"VW2NXiIeXZdzLWHziL5y","60345","resize new tag","press","-1.1418","-0.0283055","Land Vehicle","295","150","109","52",NULL,NULL,NULL,NULL,NULL,"48.6827"
"VW2NXiIeXZdzLWHziL5y","61099","resize new tag","release","-1.1418","-0.0283055","Land Vehicle","319","150","61","52",NULL,NULL,NULL,NULL,NULL,"48.6827"
"VW2NXiIeXZdzLWHziL5y","62395","resize new tag","press","-1.1418","-0.0283055","Land Vehicle","319","150","61","52",NULL,NULL,NULL,NULL,NULL,"48.6827"
"VW2NXiIeXZdzLWHziL5y","62850","resize new tag","release","-1.1418","-0.0283055","Land Vehicle","328","150","80","52",NULL,NULL,NULL,NULL,NULL,"48.6827"
"VW2NXiIeXZdzLWHziL5y","64384","submit new tag","press","-1.1418","-0.0283055","Land Vehicle",NULL,NULL,"80","52","1.91437","0.0751568","-0.540256","0.306562","0.204735","48.6827"
"VW2NXiIeXZdzLWHziL5y","69599","pan left","press","-1.1418","-0.0283055","null",NULL,NULL,NULL,NULL,NULL,NULL,NULL,NULL,NULL,"48.6827"
"VW2NXiIeXZdzLWHziL5y","70744","pan left","release","-0.693915","-0.0283055","null",NULL,NULL,NULL,NULL,NULL,NULL,NULL,NULL,NULL,"48.6827"
"VW2NXiIeXZdzLWHziL5y","71586","Floating Object","press","-0.693915","-0.0283055","Floating Object",NULL,NULL,NULL,NULL,NULL,NULL,NULL,NULL,NULL,"48.6827"
"VW2NXiIeXZdzLWHziL5y","72116","Floating Object","release","-0.693915","-0.0283055","Floating Object","300","184","120","120",NULL,NULL,NULL,NULL,NULL,"48.6827"
"VW2NXiIeXZdzLWHziL5y","73444","resize new tag","press","-0.693915","-0.0283055","Floating Object","303","129","120","120",NULL,NULL,NULL,NULL,NULL,"48.6827"
"VW2NXiIeXZdzLWHziL5y","73820","resize new tag","release","-0.693915","-0.0283055","Floating Object","303","164","120","50",NULL,NULL,NULL,NULL,NULL,"48.6827"
"VW2NXiIeXZdzLWHziL5y","74576","resize new tag","press","-0.693915","-0.0283055","Floating Object","303","164","120","50",NULL,NULL,NULL,NULL,NULL,"48.6827"
"VW2NXiIeXZdzLWHziL5y","74972","resize new tag","release","-0.693915","-0.0283055","Floating Object","303","189","120","101",NULL,NULL,NULL,NULL,NULL,"48.6827"
"VW2NXiIeXZdzLWHziL5y","75809","resize new tag","press","-0.693915","-0.0283055","Floating Object","303","189","120","101",NULL,NULL,NULL,NULL,NULL,"48.6827"
"VW2NXiIeXZdzLWHziL5y","76226","resize new tag","release","-0.693915","-0.0283055","Floating Object","361","189","236","101",NULL,NULL,NULL,NULL,NULL,"48.6827"
"VW2NXiIeXZdzLWHziL5y","76826","resize new tag","press","-0.693915","-0.0283055","Floating Object","361","189","236","101",NULL,NULL,NULL,NULL,NULL,"48.6827"
"VW2NXiIeXZdzLWHziL5y","77210","resize new tag","release","-0.693915","-0.0283055","Floating Object","337","189","284","101",NULL,NULL,NULL,NULL,NULL,"48.6827"
"VW2NXiIeXZdzLWHziL5y","77859","resize new tag","press","-0.693915","-0.0283055","Floating Object","337","189","284","101",NULL,NULL,NULL,NULL,NULL,"48.6827"
"VW2NXiIeXZdzLWHziL5y","78305","resize new tag","release","-0.693915","-0.0283055","Floating Object","337","206","284","67",NULL,NULL,NULL,NULL,NULL,"48.6827"
"VW2NXiIeXZdzLWHziL5y","79430","submit new tag","press","-0.693915","-0.0283055","Floating Object",NULL,NULL,"284","67","1.44687","-0.133994","-1.26172","1.05681","0.240514","48.6827"
"VW2NXiIeXZdzLWHziL5y","82146","pan left","press","-0.693915","-0.0283055","null",NULL,NULL,NULL,NULL,NULL,NULL,NULL,NULL,NULL,"48.6827"
"VW2NXiIeXZdzLWHziL5y","82218","pan left","release","-0.667951","-0.0283055","null",NULL,NULL,NULL,NULL,NULL,NULL,NULL,NULL,NULL,"48.6827"
"VW2NXiIeXZdzLWHziL5y","104917","pan left","press","-0.667951","-0.0283055","null",NULL,NULL,NULL,NULL,NULL,NULL,NULL,NULL,NULL,"48.6827"
"VW2NXiIeXZdzLWHziL5y","105227","pan left","release","-0.551112","-0.0283055","null",NULL,NULL,NULL,NULL,NULL,NULL,NULL,NULL,NULL,"48.6827"
"VW2NXiIeXZdzLWHziL5y","105836","A Tree","press","-0.551112","-0.0283055","A Tree",NULL,NULL,NULL,NULL,NULL,NULL,NULL,NULL,NULL,"48.6827"
"VW2NXiIeXZdzLWHziL5y","107365","A Tree","press","-0.551112","-0.0283055","A Tree",NULL,NULL,NULL,NULL,NULL,NULL,NULL,NULL,NULL,"48.6827"
"VW2NXiIeXZdzLWHziL5y","107708","A Tree","release","-0.551112","-0.0283055","A Tree","303","129","120","120",NULL,NULL,NULL,NULL,NULL,"48.6827"
"VW2NXiIeXZdzLWHziL5y","110197","move new tag","press","-0.551112","-0.0283055","A Tree","288","246","120","120",NULL,NULL,NULL,NULL,NULL,"48.6827"
"VW2NXiIeXZdzLWHziL5y","110714","move new tag","release","-0.551112","-0.0283055","A Tree","281","43","120","120",NULL,NULL,NULL,NULL,NULL,"48.6827"
"VW2NXiIeXZdzLWHziL5y","115091","submit new tag","press","-0.551112","-0.0283055","A Tree",NULL,NULL,"120","120","1.10984","0.471269","-1.5628","0.466139","0.432206","48.6827"
"VW2NXiIeXZdzLWHziL5y","116972","pan left","press","-0.551112","-0.0283055","null",NULL,NULL,NULL,NULL,NULL,NULL,NULL,NULL,NULL,"48.6827"
"VW2NXiIeXZdzLWHziL5y","118372","pan left","release","-0.00586597","-0.0283055","null",NULL,NULL,NULL,NULL,NULL,NULL,NULL,NULL,NULL,"48.6827"
"VW2NXiIeXZdzLWHziL5y","119507","Construction Machine","press","-0.00586597","-0.0283055","Construction Machine",NULL,NULL,NULL,NULL,NULL,NULL,NULL,NULL,NULL,"48.6827"
"VW2NXiIeXZdzLWHziL5y","120053","Construction Machine","release","-0.00586597","-0.0283055","Construction Machine","288","246","120","120",NULL,NULL,NULL,NULL,NULL,"48.6827"
"VW2NXiIeXZdzLWHziL5y","120861","move new tag","press","-0.00586597","-0.0283055","Construction Machine","255","275","120","120",NULL,NULL,NULL,NULL,NULL,"48.6827"
"VW2NXiIeXZdzLWHziL5y","121650","move new tag","release","-0.00586597","-0.0283055","Construction Machine","247","68","120","120",NULL,NULL,NULL,NULL,NULL,"48.6827"
"VW2NXiIeXZdzLWHziL5y","122602","submit new tag","press","-0.00586597","-0.0283055","Construction Machine",NULL,NULL,"120","120","0.00868007","0.379858","-1.93645","0.468444","0.440565","48.6827"
"VW2NXiIeXZdzLWHziL5y","125467","pan left","press","-0.00586597","-0.0283055","null",NULL,NULL,NULL,NULL,NULL,NULL,NULL,NULL,NULL,"48.6827"
"VW2NXiIeXZdzLWHziL5y","127114","pan left","release","0.636746","-0.0283055","null",NULL,NULL,NULL,NULL,NULL,NULL,NULL,NULL,NULL,"48.6827"
"VW2NXiIeXZdzLWHziL5y","128138","Construction Machine","press","0.636746","-0.0283055","Construction Machine",NULL,NULL,NULL,NULL,NULL,NULL,NULL,NULL,NULL,"48.6827"
"VW2NXiIeXZdzLWHziL5y","128619","Construction Machine","release","0.636746","-0.0283055","Construction Machine","255","275","120","120",NULL,NULL,NULL,NULL,NULL,"48.6827"
"VW2NXiIeXZdzLWHziL5y","130256","submit new tag","press","0.636746","-0.0283055","Construction Machine",NULL,NULL,"120","120","-1.07512","-0.505789","-1.57554","0.472925","0.427592","48.6827"
"7L1TkeUdfJ4Q1MH4bFMW","5373","Land Vehicle","press","0","0","Land Vehicle",NULL,NULL,NULL,NULL,NULL,NULL,NULL,NULL,NULL,"75"
"7L1TkeUdfJ4Q1MH4bFMW","8407","pan right","press","0","0","null",NULL,NULL,NULL,NULL,NULL,NULL,NULL,NULL,NULL,"75"
"7L1TkeUdfJ4Q1MH4bFMW","8618","pan right","release","-0.13","0","null",NULL,NULL,NULL,NULL,NULL,NULL,NULL,NULL,NULL,"75"
"7L1TkeUdfJ4Q1MH4bFMW","8970","pan right","press","-0.13","0","null",NULL,NULL,NULL,NULL,NULL,NULL,NULL,NULL,NULL,"75"
"7L1TkeUdfJ4Q1MH4bFMW","9184","pan right","release","-0.26","0","null",NULL,NULL,NULL,NULL,NULL,NULL,NULL,NULL,NULL,"75"
"7L1TkeUdfJ4Q1MH4bFMW","9523","pan right","press","-0.26","0","null",NULL,NULL,NULL,NULL,NULL,NULL,NULL,NULL,NULL,"75"
"7L1TkeUdfJ4Q1MH4bFMW","9734","pan right","release","-0.36","0","null",NULL,NULL,NULL,NULL,NULL,NULL,NULL,NULL,NULL,"75"
"7L1TkeUdfJ4Q1MH4bFMW","9977","pan right","press","-0.36","0","null",NULL,NULL,NULL,NULL,NULL,NULL,NULL,NULL,NULL,"75"
"7L1TkeUdfJ4Q1MH4bFMW","10233","pan right","release","-0.49","0","null",NULL,NULL,NULL,NULL,NULL,NULL,NULL,NULL,NULL,"75"
"7L1TkeUdfJ4Q1MH4bFMW","10234","pan right","press","-0.49","0","null",NULL,NULL,NULL,NULL,NULL,NULL,NULL,NULL,NULL,"75"
"7L1TkeUdfJ4Q1MH4bFMW","10463","pan right","release","-0.61","0","null",NULL,NULL,NULL,NULL,NULL,NULL,NULL,NULL,NULL,"75"
"7L1TkeUdfJ4Q1MH4bFMW","10468","pan right","press","-0.61","0","null",NULL,NULL,NULL,NULL,NULL,NULL,NULL,NULL,NULL,"75"
"7L1TkeUdfJ4Q1MH4bFMW","10665","pan right","release","-0.73","0","null",NULL,NULL,NULL,NULL,NULL,NULL,NULL,NULL,NULL,"75"
"7L1TkeUdfJ4Q1MH4bFMW","10669","pan right","press","-0.73","0","null",NULL,NULL,NULL,NULL,NULL,NULL,NULL,NULL,NULL,"75"
"7L1TkeUdfJ4Q1MH4bFMW","10877","pan right","release","-0.86","0","null",NULL,NULL,NULL,NULL,NULL,NULL,NULL,NULL,NULL,"75"
"7L1TkeUdfJ4Q1MH4bFMW","11338","pan right","press","-0.86","0","null",NULL,NULL,NULL,NULL,NULL,NULL,NULL,NULL,NULL,"75"
"7L1TkeUdfJ4Q1MH4bFMW","11552","pan right","release","-1","0","null",NULL,NULL,NULL,NULL,NULL,NULL,NULL,NULL,NULL,"75"
"7L1TkeUdfJ4Q1MH4bFMW","14384","zoom in","press","-1","0","null",NULL,NULL,NULL,NULL,NULL,NULL,NULL,NULL,NULL,"75"
"7L1TkeUdfJ4Q1MH4bFMW","14596","zoom in","release","-1","0","null",NULL,NULL,NULL,NULL,NULL,NULL,NULL,NULL,NULL,"65.8141"
"7L1TkeUdfJ4Q1MH4bFMW","15057","zoom in","press","-1","0","null",NULL,NULL,NULL,NULL,NULL,NULL,NULL,NULL,NULL,"65.8141"
"7L1TkeUdfJ4Q1MH4bFMW","15242","zoom in","release","-1","0","null",NULL,NULL,NULL,NULL,NULL,NULL,NULL,NULL,NULL,"58.9259"
"7L1TkeUdfJ4Q1MH4bFMW","15250","zoom in","press","-1","0","null",NULL,NULL,NULL,NULL,NULL,NULL,NULL,NULL,NULL,"58.9259"
"7L1TkeUdfJ4Q1MH4bFMW","15438","zoom in","release","-1","0","null",NULL,NULL,NULL,NULL,NULL,NULL,NULL,NULL,NULL,"52.7586"
"7L1TkeUdfJ4Q1MH4bFMW","15448","zoom in","press","-1","0","null",NULL,NULL,NULL,NULL,NULL,NULL,NULL,NULL,NULL,"52.7586"
"7L1TkeUdfJ4Q1MH4bFMW","15650","zoom in","release","-1","0","null",NULL,NULL,NULL,NULL,NULL,NULL,NULL,NULL,NULL,"46.7644"
"7L1TkeUdfJ4Q1MH4bFMW","17579","Land Vehicle","press","-1","0","Land Vehicle",NULL,NULL,NULL,NULL,NULL,NULL,NULL,NULL,NULL,"46.7644"
"7L1TkeUdfJ4Q1MH4bFMW","19138","Land Vehicle","release","-1","0","Land Vehicle","60","60","120","120",NULL,NULL,NULL,NULL,NULL,"46.7644"
"7L1TkeUdfJ4Q1MH4bFMW","21058","pan right","press","-1","0","Land Vehicle","334","125","120","120",NULL,NULL,NULL,NULL,NULL,"46.7644"
"7L1TkeUdfJ4Q1MH4bFMW","21249","pan right","release","-1.06859","0","Land Vehicle","334","125","120","120",NULL,NULL,NULL,NULL,NULL,"46.7644"
"7L1TkeUdfJ4Q1MH4bFMW","21443","pan right","press","-1.06859","0","Land Vehicle","334","125","120","120",NULL,NULL,NULL,NULL,NULL,"46.7644"
"7L1TkeUdfJ4Q1MH4bFMW","21653","pan right","release","-1.13718","0","Land Vehicle","334","125","120","120",NULL,NULL,NULL,NULL,NULL,"46.7644"
"7L1TkeUdfJ4Q1MH4bFMW","22693","move new tag","press","-1.13718","0","Land Vehicle","334","125","120","120",NULL,NULL,NULL,NULL,NULL,"46.7644"
"7L1TkeUdfJ4Q1MH4bFMW","23795","move new tag","release","-1.13718","0","Land Vehicle","282","132","120","120",NULL,NULL,NULL,NULL,NULL,"46.7644"
"7L1TkeUdfJ4Q1MH4bFMW","24977","resize new tag","press","-1.13718","0","Land Vehicle","282","132","120","120",NULL,NULL,NULL,NULL,NULL,"46.7644"
"7L1TkeUdfJ4Q1MH4bFMW","25721","resize new tag","release","-1.13718","0","Land Vehicle","282","151","120","81",NULL,NULL,NULL,NULL,NULL,"46.7644"
"7L1TkeUdfJ4Q1MH4bFMW","27361","resize new tag","press","-1.13718","0","Land Vehicle","282","151","120","81",NULL,NULL,NULL,NULL,NULL,"46.7644"
"7L1TkeUdfJ4Q1MH4bFMW","28060","resize new tag","release","-1.13718","0","Land Vehicle","282","135","120","50",NULL,NULL,NULL,NULL,NULL,"46.7644"
"7L1TkeUdfJ4Q1MH4bFMW","29157","submit new tag","press","-1.13718","0","Land Vehicle",NULL,NULL,"120","50","1.90167","0.0669081","-0.544137","0.515612","0.219893","46.7644"
"7L1TkeUdfJ4Q1MH4bFMW","33211","pan left","press","-1.13718","0","null",NULL,NULL,NULL,NULL,NULL,NULL,NULL,NULL,NULL,"46.7644"
"7L1TkeUdfJ4Q1MH4bFMW","33867","pan left","release","-0.894001","0","null",NULL,NULL,NULL,NULL,NULL,NULL,NULL,NULL,NULL,"46.7644"
"7L1TkeUdfJ4Q1MH4bFMW","36383","A Tree","press","-0.894001","0","A Tree",NULL,NULL,NULL,NULL,NULL,NULL,NULL,NULL,NULL,"46.7644"
"7L1TkeUdfJ4Q1MH4bFMW","36767","A Tree","release","-0.894001","0","A Tree","334","125","120","120",NULL,NULL,NULL,NULL,NULL,"46.7644"
"7L1TkeUdfJ4Q1MH4bFMW","42929","submit new tag","press","-0.894001","0","A Tree",NULL,NULL,"120","120","1.40293","0.286426","-1.34771","0.520332","0.499472","46.7644"
"7L1TkeUdfJ4Q1MH4bFMW","43902","Floating Object","press","-0.894001","0","Floating Object",NULL,NULL,NULL,NULL,NULL,NULL,NULL,NULL,NULL,"46.7644"
"7L1TkeUdfJ4Q1MH4bFMW","44520","Floating Object","release","-0.894001","0","Floating Object","169","82","120","120",NULL,NULL,NULL,NULL,NULL,"46.7644"
"7L1TkeUdfJ4Q1MH4bFMW","49285","Floating Object","press","-0.894001","0","Floating Object",NULL,NULL,NULL,NULL,NULL,NULL,NULL,NULL,NULL,"46.7644"
"7L1TkeUdfJ4Q1MH4bFMW","49902","Floating Object","release","-0.894001","0","Floating Object","233","50","120","120",NULL,NULL,NULL,NULL,NULL,"46.7644"
"7L1TkeUdfJ4Q1MH4bFMW","51954","submit new tag","press","-0.894001","0","Floating Object",NULL,NULL,"120","120","1.57873","0.662245","-0.974389","0.513847","0.455149","46.7644"
"7L1TkeUdfJ4Q1MH4bFMW","53139","pan down","press","-0.894001","0","null",NULL,NULL,NULL,NULL,NULL,NULL,NULL,NULL,NULL,"46.7644"
"7L1TkeUdfJ4Q1MH4bFMW","54221","pan down","release","-0.894001","-0.399056","null",NULL,NULL,NULL,NULL,NULL,NULL,NULL,NULL,NULL,"46.7644"
"7L1TkeUdfJ4Q1MH4bFMW","55198","Construction Machine","press","-0.894001","-0.399056","Construction Machine",NULL,NULL,NULL,NULL,NULL,NULL,NULL,NULL,NULL,"46.7644"
"7L1TkeUdfJ4Q1MH4bFMW","56000","Construction Machine","press","-0.894001","-0.399056","Construction Machine",NULL,NULL,NULL,NULL,NULL,NULL,NULL,NULL,NULL,"46.7644"
"7L1TkeUdfJ4Q1MH4bFMW","56759","Construction Machine","release","-0.894001","-0.399056","Construction Machine","265","-13","120","120",NULL,NULL,NULL,NULL,NULL,"46.7644"
"7L1TkeUdfJ4Q1MH4bFMW","57798","pan down","press","-0.894001","-0.399056","Construction Machine","261","161","120","120",NULL,NULL,NULL,NULL,NULL,"46.7644"
"7L1TkeUdfJ4Q1MH4bFMW","58223","pan down","release","-0.894001","-0.554938","Construction Machine","261","161","120","120",NULL,NULL,NULL,NULL,NULL,"46.7644"
"7L1TkeUdfJ4Q1MH4bFMW","59029","submit new tag","press","-0.894001","-0.554938","Construction Machine",NULL,NULL,"120","120","1.41102","-1.06508","-0.858952","0.611718","0.40652","46.7644"
"7L1TkeUdfJ4Q1MH4bFMW","59882","pan up","press","-0.894001","-0.554938","null",NULL,NULL,NULL,NULL,NULL,NULL,NULL,NULL,NULL,"46.7644"
"7L1TkeUdfJ4Q1MH4bFMW","60587","pan up","release","-0.894001","-0.293057","null",NULL,NULL,NULL,NULL,NULL,NULL,NULL,NULL,NULL,"46.7644"
"7L1TkeUdfJ4Q1MH4bFMW","61164","Boat","press","-0.894001","-0.293057","Boat",NULL,NULL,NULL,NULL,NULL,NULL,NULL,NULL,NULL,"46.7644"
"7L1TkeUdfJ4Q1MH4bFMW","61907","Boat","release","-0.894001","-0.293057","Boat","261","161","120","120",NULL,NULL,NULL,NULL,NULL,"46.7644"
"7L1TkeUdfJ4Q1MH4bFMW","63344","submit new tag","press","-0.894001","-0.293057","Boat",NULL,NULL,"120","120","1.67519","-0.394648","-0.949734","0.542811","0.487338","46.7644"
"dJzXuu5CxSeKUajfuH3S","2327","Land Vehicle","press","0","0","Land Vehicle",NULL,NULL,NULL,NULL,NULL,NULL,NULL,NULL,NULL,"75"
"dJzXuu5CxSeKUajfuH3S","10632","pan right","press","0","0","null",NULL,NULL,NULL,NULL,NULL,NULL,NULL,NULL,NULL,"75"
"dJzXuu5CxSeKUajfuH3S","12472","pan right","release","-1.09","0","null",NULL,NULL,NULL,NULL,NULL,NULL,NULL,NULL,NULL,"75"
"dJzXuu5CxSeKUajfuH3S","16752","zoom in","press","-1.09","0","null",NULL,NULL,NULL,NULL,NULL,NULL,NULL,NULL,NULL,"75"
"dJzXuu5CxSeKUajfuH3S","16919","zoom in","release","-1.09","0","null",NULL,NULL,NULL,NULL,NULL,NULL,NULL,NULL,NULL,"67.8287"
"dJzXuu5CxSeKUajfuH3S","17121","zoom in","press","-1.09","0","null",NULL,NULL,NULL,NULL,NULL,NULL,NULL,NULL,NULL,"67.8287"
"dJzXuu5CxSeKUajfuH3S","17661","zoom in","release","-1.09","0","null",NULL,NULL,NULL,NULL,NULL,NULL,NULL,NULL,NULL,"49.1744"
"dJzXuu5CxSeKUajfuH3S","18613","Land Vehicle","press","-1.09","0","Land Vehicle",NULL,NULL,NULL,NULL,NULL,NULL,NULL,NULL,NULL,"49.1744"
"dJzXuu5CxSeKUajfuH3S","19398","Land Vehicle","release","-1.09","0","Land Vehicle","60","60","120","120",NULL,NULL,NULL,NULL,NULL,"49.1744"
"dJzXuu5CxSeKUajfuH3S","20774","submit new tag","press","-1.09","0","Land Vehicle",NULL,NULL,"120","120","1.88208","0.0628389","-0.584133","0.463661","0.473178","49.1744"
"dJzXuu5CxSeKUajfuH3S","23742","pan right","press","-1.09","0","null",NULL,NULL,NULL,NULL,NULL,NULL,NULL,NULL,NULL,"49.1744"
"dJzXuu5CxSeKUajfuH3S","24643","pan right","release","-1.44406","0","null",NULL,NULL,NULL,NULL,NULL,NULL,NULL,NULL,NULL,"49.1744"
"dJzXuu5CxSeKUajfuH3S","25307","Land Vehicle","press","-1.44406","0","Land Vehicle",NULL,NULL,NULL,NULL,NULL,NULL,NULL,NULL,NULL,"49.1744"
"dJzXuu5CxSeKUajfuH3S","25722","Land Vehicle","release","-1.44406","0","Land Vehicle","339","167","120","120",NULL,NULL,NULL,NULL,NULL,"49.1744"
"dJzXuu5CxSeKUajfuH3S","26789","submit new tag","press","-1.44406","0","Land Vehicle",NULL,NULL,"120","120","1.94933","0.292995","-0.0227407","0.472682","0.468161","49.1744"
"dJzXuu5CxSeKUajfuH3S","27589","Land Vehicle","press","-1.44406","0","Land Vehicle",NULL,NULL,NULL,NULL,NULL,NULL,NULL,NULL,NULL,"49.1744"
"dJzXuu5CxSeKUajfuH3S","27982","Land Vehicle","release","-1.44406","0","Land Vehicle","305","107","120","120",NULL,NULL,NULL,NULL,NULL,"49.1744"
"dJzXuu5CxSeKUajfuH3S","29412","submit new tag","press","-1.44406","0","Land Vehicle",NULL,NULL,"120","120","1.80262","0.759829","0.284143","0.442246","0.40494","49.1744"
"dJzXuu5CxSeKUajfuH3S","30383","pan right","press","-1.44406","0","null",NULL,NULL,NULL,NULL,NULL,NULL,NULL,NULL,NULL,"49.1744"
"dJzXuu5CxSeKUajfuH3S","32208","pan right","release","-2.16528","0","null",NULL,NULL,NULL,NULL,NULL,NULL,NULL,NULL,NULL,"49.1744"
"dJzXuu5CxSeKUajfuH3S","32845","Land Vehicle","press","-2.16528","0","Land Vehicle",NULL,NULL,NULL,NULL,NULL,NULL,NULL,NULL,NULL,"49.1744"
"dJzXuu5CxSeKUajfuH3S","33263","Land Vehicle","release","-2.16528","0","Land Vehicle","391","-33","120","120",NULL,NULL,NULL,NULL,NULL,"49.1744"
"dJzXuu5CxSeKUajfuH3S","35172","submit new tag","press","-2.16528","0","Land Vehicle",NULL,NULL,"120","120","1.42053","0.186026","1.35462","0.465957","0.473399","49.1744"
"dJzXuu5CxSeKUajfuH3S","37377","pan right","press","-2.16528","0","null",NULL,NULL,NULL,NULL,NULL,NULL,NULL,NULL,NULL,"49.1744"
"dJzXuu5CxSeKUajfuH3S","40275","pan right","release","-3.29957","0","null",NULL,NULL,NULL,NULL,NULL,NULL,NULL,NULL,NULL,"49.1744"
"dJzXuu5CxSeKUajfuH3S","40764","zoom in","press","-3.29957","0","null",NULL,NULL,NULL,NULL,NULL,NULL,NULL,NULL,NULL,"49.1744"
"dJzXuu5CxSeKUajfuH3S","41396","zoom in","release","-3.29957","0","null",NULL,NULL,NULL,NULL,NULL,NULL,NULL,NULL,NULL,"33.5642"
"dJzXuu5CxSeKUajfuH3S","43033","Floating Object","press","-3.29957","0","Floating Object",NULL,NULL,NULL,NULL,NULL,NULL,NULL,NULL,NULL,"33.5642"
"dJzXuu5CxSeKUajfuH3S","43578","Floating Object","release","-3.29957","0","Floating Object","332","135","120","120",NULL,NULL,NULL,NULL,NULL,"33.5642"
"dJzXuu5CxSeKUajfuH3S","44509","submit new tag","press","-3.29957","0","Floating Object",NULL,NULL,"120","120","-0.481843","0.118867","1.9235","0.31575","0.316861","33.5642"
