"7L1TkeUdfJ4Q1MH4bFMW","1","2019-04-11 10:22:38","40971","0","display","Construction Machine","6","images/5.nature/image54.png","images/4.land vehicle/image94.png","images/others/image43.png","images/1.Boat/image55.png","images/5.nature/image6.png","images/others/image79.png"
"7L1TkeUdfJ4Q1MH4bFMW","1","2019-04-11 10:22:45","47978","1","correct choice","Construction Machine",NULL,NULL,NULL,NULL,NULL,NULL,NULL
"7L1TkeUdfJ4Q1MH4bFMW","1","2019-04-11 10:23:05","68998","1","display","Construction Machine","5","images/3.floating object/image63.png","images/1.Boat/image35.png","images/3.floating object/image30.png","images/3.floating object/image44.png","images/3.floating object/image90.png","images/others/image59.png"
"7L1TkeUdfJ4Q1MH4bFMW","1","2019-04-11 10:23:40","103030","1","none of the above choice","Construction Machine",NULL,NULL,NULL,NULL,NULL,NULL,NULL
"7L1TkeUdfJ4Q1MH4bFMW","1","2019-04-11 10:23:40","103030","1","display","A Tree","0","images/4.land vehicle/image83.png","images/3.floating object/image76.png","images/4.land vehicle/image98.png","images/1.Boat/image46.png","images/1.Boat/image92.png","images/others/image111.png"
"7L1TkeUdfJ4Q1MH4bFMW","1","2019-04-11 10:23:44","107031","2","correct choice","A Tree",NULL,NULL,NULL,NULL,NULL,NULL,NULL
"7L1TkeUdfJ4Q1MH4bFMW","1","2019-04-11 10:23:44","107031","2","display","Boat","4","images/3.floating object/image30.png","images/3.floating object/image68.png","images/5.nature/image6.png","images/4.land vehicle/image83.png","images/3.floating object/image48.png","images/others/image33.png"
"7L1TkeUdfJ4Q1MH4bFMW","1","2019-04-11 10:24:01","124044","2","none of the above choice","Boat",NULL,NULL,NULL,NULL,NULL,NULL,NULL
"7L1TkeUdfJ4Q1MH4bFMW","1","2019-04-11 10:24:01","124044","2","display","Boat","3","images/2.construction heavy machine/image0.png","images/others/image29.png","images/4.land vehicle/image94.png","images/4.land vehicle/image22.png","images/3.floating object/image48.png","images/2.construction heavy machine/image57.png"
"7L1TkeUdfJ4Q1MH4bFMW","1","2019-04-11 10:24:08","131050","3","correct choice","Boat",NULL,NULL,NULL,NULL,NULL,NULL,NULL
"7L1TkeUdfJ4Q1MH4bFMW","1","2019-04-11 10:24:08","131050","3","display","A Tree","6","images/others/image74.png","images/others/image40.png","images/1.Boat/image11.png","images/3.floating object/image21.png","images/4.land vehicle/image12.png","images/others/image62.png"
"7L1TkeUdfJ4Q1MH4bFMW","1","2019-04-11 10:24:14","137058","4","correct choice","A Tree",NULL,NULL,NULL,NULL,NULL,NULL,NULL
"7L1TkeUdfJ4Q1MH4bFMW","1","2019-04-11 10:24:14","137058","4","display","Land Vehicle","1","images/2.construction heavy machine/image73.png","images/3.floating object/image30.png","images/others/image100.png","images/3.floating object/image76.png","images/1.Boat/image95.png","images/3.floating object/image90.png"
"7L1TkeUdfJ4Q1MH4bFMW","1","2019-04-11 10:24:20","143064","5","correct choice","Land Vehicle",NULL,NULL,NULL,NULL,NULL,NULL,NULL
"7L1TkeUdfJ4Q1MH4bFMW","1","2019-04-11 10:24:20","143064","5","display","Boat","6","images/others/image40.png","images/others/image33.png","images/3.floating object/image25.png","images/others/image72.png","images/4.land vehicle/image22.png","images/4.land vehicle/image94.png"
"7L1TkeUdfJ4Q1MH4bFMW","1","2019-04-11 10:24:24","147066","6","correct choice","Boat",NULL,NULL,NULL,NULL,NULL,NULL,NULL
"7L1TkeUdfJ4Q1MH4bFMW","1","2019-04-11 10:24:24","147066","6","display","A Tree","4","images/3.floating object/image16.png","images/1.Boat/image39.png","images/others/image42.png","images/2.construction heavy machine/image71.png","images/others/image34.png","images/4.land vehicle/image83.png"
"7L1TkeUdfJ4Q1MH4bFMW","1","2019-04-11 10:24:30","152070","7","correct choice","A Tree",NULL,NULL,NULL,NULL,NULL,NULL,NULL
"7L1TkeUdfJ4Q1MH4bFMW","1","2019-04-11 10:24:30","153071","7","display","Construction Machine","2","images/others/image114.png","images/5.nature/image36.png","images/1.Boat/image55.png","images/1.Boat/image64.png","images/1.Boat/image46.png","images/5.nature/image17.png"
"7L1TkeUdfJ4Q1MH4bFMW","1","2019-04-11 10:24:35","158074","8","correct choice","Construction Machine",NULL,NULL,NULL,NULL,NULL,NULL,NULL
"7L1TkeUdfJ4Q1MH4bFMW","1","2019-04-11 10:24:35","158074","8","display","Boat","4","images/3.floating object/image67.png","images/3.floating object/image63.png","images/5.nature/image37.png","images/5.nature/image3.png","images/others/image97.png","images/5.nature/image88.png"
"7L1TkeUdfJ4Q1MH4bFMW","1","2019-04-11 10:24:39","162079","9","correct choice","Boat",NULL,NULL,NULL,NULL,NULL,NULL,NULL
"7L1TkeUdfJ4Q1MH4bFMW","1","2019-04-11 10:24:39","163080","9","display","Floating Object","3","images/others/image4.png","images/1.Boat/image65.png","images/2.construction heavy machine/image50.png","images/2.construction heavy machine/image52.png","images/others/image118.png","images/1.Boat/image11.png"
"7L1TkeUdfJ4Q1MH4bFMW","1","2019-04-11 10:24:57","180102","9","none of the above choice","Floating Object",NULL,NULL,NULL,NULL,NULL,NULL,NULL
"7L1TkeUdfJ4Q1MH4bFMW","1","2019-04-11 10:24:57","180102","9","display","A Tree","2","images/4.land vehicle/image94.png","images/1.Boat/image92.png","images/others/image7.png","images/3.floating object/image21.png","images/others/image122.png","images/others/image33.png"
"7L1TkeUdfJ4Q1MH4bFMW","1","2019-04-11 10:25:01","184106","10","correct choice","A Tree",NULL,NULL,NULL,NULL,NULL,NULL,NULL
"7L1TkeUdfJ4Q1MH4bFMW","1","2019-04-11 10:25:01","184106","10","display","Floating Object","0","images/1.Boat/image69.png","images/others/image29.png","images/2.construction heavy machine/image115.png","images/1.Boat/image45.png","images/2.construction heavy machine/image50.png","images/others/image79.png"
"7L1TkeUdfJ4Q1MH4bFMW","1","2019-04-11 10:25:07","190114","11","correct choice","Floating Object",NULL,NULL,NULL,NULL,NULL,NULL,NULL
"7L1TkeUdfJ4Q1MH4bFMW","1","2019-04-11 10:25:07","190114","11","display","Floating Object","2","images/4.land vehicle/image18.png","images/others/image110.png","images/2.construction heavy machine/image9.png","images/4.land vehicle/image106.png","images/others/image114.png","images/5.nature/image104.png"
"7L1TkeUdfJ4Q1MH4bFMW","1","2019-04-11 10:25:11","194116","12","correct choice","Floating Object",NULL,NULL,NULL,NULL,NULL,NULL,NULL
"7L1TkeUdfJ4Q1MH4bFMW","1","2019-04-11 10:25:11","194116","12","display","A Tree","5","images/others/image72.png","images/others/image109.png","images/2.construction heavy machine/image24.png","images/2.construction heavy machine/image9.png","images/4.land vehicle/image66.png","images/2.construction heavy machine/image71.png"
"7L1TkeUdfJ4Q1MH4bFMW","1","2019-04-11 10:25:15","198121","13","correct choice","A Tree",NULL,NULL,NULL,NULL,NULL,NULL,NULL
"7L1TkeUdfJ4Q1MH4bFMW","1","2019-04-11 10:25:15","198121","13","display","Construction Machine","2","images/5.nature/image88.png","images/others/image34.png","images/4.land vehicle/image106.png","images/5.nature/image104.png","images/others/image85.png","images/others/image114.png"
"7L1TkeUdfJ4Q1MH4bFMW","1","2019-04-11 10:25:47","229149","12","incorrect choice: index 3","Construction Machine",NULL,NULL,NULL,NULL,NULL,NULL,NULL
"7L1TkeUdfJ4Q1MH4bFMW","1","2019-04-11 10:25:47","230151","12","display","Construction Machine","2","images/others/image93.png","images/others/image97.png","images/4.land vehicle/image83.png","images/1.Boat/image11.png","images/5.nature/image54.png","images/1.Boat/image96.png"
"7L1TkeUdfJ4Q1MH4bFMW","1","2019-04-11 10:25:52","235156","13","correct choice","Construction Machine",NULL,NULL,NULL,NULL,NULL,NULL,NULL
"7L1TkeUdfJ4Q1MH4bFMW","1","2019-04-11 10:25:52","235156","13","display","Land Vehicle","6","images/3.floating object/image107.png","images/others/image53.png","images/others/image33.png","images/1.Boat/image55.png","images/1.Boat/image11.png","images/2.construction heavy machine/image57.png"
"7L1TkeUdfJ4Q1MH4bFMW","1","2019-04-11 10:25:58","240161","14","correct choice","Land Vehicle",NULL,NULL,NULL,NULL,NULL,NULL,NULL
"7L1TkeUdfJ4Q1MH4bFMW","1","2019-04-11 10:25:58","240161","14","display","A Tree","2","images/3.floating object/image23.png","images/others/image33.png","images/others/image110.png","images/4.land vehicle/image12.png","images/others/image119.png","images/3.floating object/image47.png"
"7L1TkeUdfJ4Q1MH4bFMW","1","2019-04-11 10:26:01","244165","15","correct choice","A Tree",NULL,NULL,NULL,NULL,NULL,NULL,NULL
"7L1TkeUdfJ4Q1MH4bFMW","1","2019-04-11 10:26:01","244165","15","display","A Tree","3","images/others/image109.png","images/4.land vehicle/image13.png","images/others/image118.png","images/others/image72.png","images/3.floating object/image21.png","images/others/image110.png"
"7L1TkeUdfJ4Q1MH4bFMW","1","2019-04-11 10:26:05","248168","16","correct choice","A Tree",NULL,NULL,NULL,NULL,NULL,NULL,NULL
"7L1TkeUdfJ4Q1MH4bFMW","1","2019-04-11 10:26:05","248168","16","display","Boat","1","images/5.nature/image6.png","images/2.construction heavy machine/image0.png","images/3.floating object/image32.png","images/2.construction heavy machine/image57.png","images/5.nature/image54.png","images/2.construction heavy machine/image8.png"
"7L1TkeUdfJ4Q1MH4bFMW","1","2019-04-11 10:26:10","253171","17","correct choice","Boat",NULL,NULL,NULL,NULL,NULL,NULL,NULL
"7L1TkeUdfJ4Q1MH4bFMW","1","2019-04-11 10:26:10","253171","17","display","A Tree","4","images/2.construction heavy machine/image117.png","images/others/image79.png","images/3.floating object/image44.png","images/others/image102.png","images/1.Boat/image123.png","images/2.construction heavy machine/image9.png"
"7L1TkeUdfJ4Q1MH4bFMW","1","2019-04-11 10:26:14","257173","18","correct choice","A Tree",NULL,NULL,NULL,NULL,NULL,NULL,NULL
"7L1TkeUdfJ4Q1MH4bFMW","1","2019-04-11 10:26:14","257173","18","display","A Tree","2","images/1.Boat/image99.png","images/3.floating object/image47.png","images/4.land vehicle/image98.png","images/3.floating object/image68.png","images/others/image1.png","images/others/image100.png"
"7L1TkeUdfJ4Q1MH4bFMW","1","2019-04-11 10:26:17","260177","19","correct choice","A Tree",NULL,NULL,NULL,NULL,NULL,NULL,NULL
"7L1TkeUdfJ4Q1MH4bFMW","1","2019-04-11 10:26:17","260177","19","display","Boat","3","images/others/image59.png","images/5.nature/image3.png","images/5.nature/image26.png","images/others/image78.png","images/others/image85.png","images/3.floating object/image67.png"
"7L1TkeUdfJ4Q1MH4bFMW","1","2019-04-11 10:26:24","267185","20","correct choice","Boat",NULL,NULL,NULL,NULL,NULL,NULL,NULL
"7L1TkeUdfJ4Q1MH4bFMW","1","2019-04-11 10:26:24","267185","20","display","A Tree","1","images/others/image109.png","images/3.floating object/image48.png","images/4.land vehicle/image13.png","images/3.floating object/image90.png","images/1.Boat/image20.png","images/others/image40.png"
"7L1TkeUdfJ4Q1MH4bFMW","1","2019-04-11 10:26:27","270186","21","correct choice","A Tree",NULL,NULL,NULL,NULL,NULL,NULL,NULL
"7L1TkeUdfJ4Q1MH4bFMW","1","2019-04-11 10:26:27","270186","21","display","Floating Object","4","images/1.Boat/image11.png","images/1.Boat/image69.png","images/2.construction heavy machine/image105.png","images/1.Boat/image45.png","images/2.construction heavy machine/image61.png","images/others/image29.png"
"7L1TkeUdfJ4Q1MH4bFMW","1","2019-04-11 10:26:33","275197","22","correct choice","Floating Object",NULL,NULL,NULL,NULL,NULL,NULL,NULL
"7L1TkeUdfJ4Q1MH4bFMW","1","2019-04-11 10:26:33","275197","22","display","Boat","4","images/2.construction heavy machine/image24.png","images/5.nature/image27.png","images/3.floating object/image68.png","images/4.land vehicle/image75.png","images/others/image53.png","images/others/image59.png"
"7L1TkeUdfJ4Q1MH4bFMW","1","2019-04-11 10:26:38","280203","23","correct choice","Boat",NULL,NULL,NULL,NULL,NULL,NULL,NULL
"7L1TkeUdfJ4Q1MH4bFMW","1","2019-04-11 10:26:38","281203","23","display","Floating Object","0","images/1.Boat/image65.png","images/4.land vehicle/image41.png","images/2.construction heavy machine/image50.png","images/2.construction heavy machine/image8.png","images/others/image112.png","images/1.Boat/image96.png"
"7L1TkeUdfJ4Q1MH4bFMW","1","2019-04-11 10:26:44","287209","24","correct choice","Floating Object",NULL,NULL,NULL,NULL,NULL,NULL,NULL
"7L1TkeUdfJ4Q1MH4bFMW","1","2019-04-11 10:26:44","287209","24","display","Construction Machine","1","images/5.nature/image60.png","images/1.Boat/image95.png","images/1.Boat/image38.png","images/3.floating object/image16.png","images/others/image14.png","images/1.Boat/image35.png"
"7L1TkeUdfJ4Q1MH4bFMW","1","2019-04-11 10:26:51","294217","25","correct choice","Construction Machine",NULL,NULL,NULL,NULL,NULL,NULL,NULL
"7L1TkeUdfJ4Q1MH4bFMW","1","2019-04-11 10:26:51","294217","25","display","Construction Machine","6","images/others/image43.png","images/others/image100.png","images/1.Boat/image65.png","images/3.floating object/image49.png","images/others/image15.png","images/4.land vehicle/image66.png"
"7L1TkeUdfJ4Q1MH4bFMW","1","2019-04-11 10:26:57","300223","26","correct choice","Construction Machine",NULL,NULL,NULL,NULL,NULL,NULL,NULL
"7L1TkeUdfJ4Q1MH4bFMW","1","2019-04-11 10:26:57","300223","26","display","A Tree","1","images/3.floating object/image108.png","images/3.floating object/image86.png","images/4.land vehicle/image84.png","images/4.land vehicle/image18.png","images/1.Boat/image123.png","images/others/image119.png"
"7L1TkeUdfJ4Q1MH4bFMW","1","2019-04-11 10:27:00","303227","27","correct choice","A Tree",NULL,NULL,NULL,NULL,NULL,NULL,NULL
"7L1TkeUdfJ4Q1MH4bFMW","1","2019-04-11 10:27:00","303227","27","display","A Tree","4","images/others/image72.png","images/others/image78.png","images/others/image112.png","images/others/image31.png","images/others/image19.png","images/others/image100.png"
"7L1TkeUdfJ4Q1MH4bFMW","1","2019-04-11 10:27:05","308233","26","incorrect choice: index 2","A Tree",NULL,NULL,NULL,NULL,NULL,NULL,NULL
"7L1TkeUdfJ4Q1MH4bFMW","1","2019-04-11 10:27:05","308233","26","display","Boat","2","images/others/image4.png","images/4.land vehicle/image98.png","images/5.nature/image36.png","images/others/image93.png","images/5.nature/image6.png","images/4.land vehicle/image66.png"
"7L1TkeUdfJ4Q1MH4bFMW","1","2019-04-11 10:27:12","315241","27","correct choice","Boat",NULL,NULL,NULL,NULL,NULL,NULL,NULL
"7L1TkeUdfJ4Q1MH4bFMW","1","2019-04-11 10:27:12","315241","27","display","A Tree","4","images/2.construction heavy machine/image71.png","images/4.land vehicle/image83.png","images/4.land vehicle/image84.png","images/1.Boat/image64.png","images/others/image42.png","images/2.construction heavy machine/image0.png"
"7L1TkeUdfJ4Q1MH4bFMW","1","2019-04-11 10:27:16","319245","28","correct choice","A Tree",NULL,NULL,NULL,NULL,NULL,NULL,NULL
"7L1TkeUdfJ4Q1MH4bFMW","1","2019-04-11 10:27:42","345274","28","display","Land Vehicle","5","images/2.construction heavy machine/image0.png","images/1.Boat/image99.png","images/others/image29.png","images/3.floating object/image68.png","images/1.Boat/image11.png","images/1.Boat/image69.png"
"7L1TkeUdfJ4Q1MH4bFMW","1","2019-04-11 10:27:51","354284","29","correct choice","Land Vehicle",NULL,NULL,NULL,NULL,NULL,NULL,NULL
"7L1TkeUdfJ4Q1MH4bFMW","1","2019-04-11 10:27:51","354284","29","display","Boat","6","images/3.floating object/image25.png","images/5.nature/image37.png","images/2.construction heavy machine/image73.png","images/5.nature/image26.png","images/5.nature/image5.png","images/3.floating object/image47.png"
"7L1TkeUdfJ4Q1MH4bFMW","1","2019-04-11 10:27:57","359290","30","correct choice","Boat",NULL,NULL,NULL,NULL,NULL,NULL,NULL
"7L1TkeUdfJ4Q1MH4bFMW","1","2019-04-11 10:27:57","359290","30","display","Land Vehicle","1","images/others/image33.png","images/others/image97.png","images/2.construction heavy machine/image61.png","images/1.Boat/image38.png","images/3.floating object/image30.png","images/1.Boat/image39.png"
"7L1TkeUdfJ4Q1MH4bFMW","1","2019-04-11 10:28:06","369301","31","correct choice","Land Vehicle",NULL,NULL,NULL,NULL,NULL,NULL,NULL
"7L1TkeUdfJ4Q1MH4bFMW","1","2019-04-11 10:28:06","369301","31","display","Land Vehicle","4","images/others/image122.png","images/others/image119.png","images/others/image15.png","images/others/image31.png","images/others/image59.png","images/5.nature/image60.png"
"7L1TkeUdfJ4Q1MH4bFMW","1","2019-04-11 10:28:11","374308","32","correct choice","Land Vehicle",NULL,NULL,NULL,NULL,NULL,NULL,NULL
"7L1TkeUdfJ4Q1MH4bFMW","1","2019-04-11 10:28:11","374308","32","display","Construction Machine","0","images/others/image78.png","images/others/image100.png","images/others/image93.png","images/5.nature/image37.png","images/3.floating object/image44.png","images/3.floating object/image47.png"
"7L1TkeUdfJ4Q1MH4bFMW","1","2019-04-11 10:28:16","379314","33","correct choice","Construction Machine",NULL,NULL,NULL,NULL,NULL,NULL,NULL
"7L1TkeUdfJ4Q1MH4bFMW","1","2019-04-11 10:28:16","379314","33","display","Land Vehicle","4","images/others/image122.png","images/others/image113.png","images/others/image15.png","images/2.construction heavy machine/image0.png","images/3.floating object/image63.png","images/5.nature/image10.png"
"7L1TkeUdfJ4Q1MH4bFMW","1","2019-04-11 10:28:20","383319","34","correct choice","Land Vehicle",NULL,NULL,NULL,NULL,NULL,NULL,NULL
"7L1TkeUdfJ4Q1MH4bFMW","1","2019-04-11 10:28:20","383319","34","display","A Tree","2","images/3.floating object/image48.png","images/3.floating object/image47.png","images/others/image40.png","images/others/image109.png","images/3.floating object/image68.png","images/4.land vehicle/image94.png"
"7L1TkeUdfJ4Q1MH4bFMW","1","2019-04-11 10:28:27","390333","35","correct choice","A Tree",NULL,NULL,NULL,NULL,NULL,NULL,NULL
"7L1TkeUdfJ4Q1MH4bFMW","1","2019-04-11 10:28:27","390333","35","display","A Tree","6","images/others/image93.png","images/4.land vehicle/image83.png","images/1.Boat/image96.png","images/3.floating object/image30.png","images/3.floating object/image90.png","images/4.land vehicle/image22.png"
"7L1TkeUdfJ4Q1MH4bFMW","1","2019-04-11 10:28:31","394338","36","correct choice","A Tree",NULL,NULL,NULL,NULL,NULL,NULL,NULL
"7L1TkeUdfJ4Q1MH4bFMW","1","2019-04-11 10:28:31","394338","36","display","Boat","2","images/2.construction heavy machine/image0.png","images/5.nature/image27.png","images/3.floating object/image86.png","images/5.nature/image37.png","images/2.construction heavy machine/image9.png","images/4.land vehicle/image98.png"
"7L1TkeUdfJ4Q1MH4bFMW","1","2019-04-11 10:28:38","401347","37","correct choice","Boat",NULL,NULL,NULL,NULL,NULL,NULL,NULL
"7L1TkeUdfJ4Q1MH4bFMW","1","2019-04-11 10:28:38","401347","37","display","Floating Object","0","images/others/image111.png","images/others/image110.png","images/others/image116.png","images/others/image19.png","images/1.Boat/image46.png","images/4.land vehicle/image41.png"
"7L1TkeUdfJ4Q1MH4bFMW","1","2019-04-11 10:28:38","401347","37","display","Construction Machine","6","images/1.Boat/image11.png","images/others/image19.png","images/others/image101.png","images/1.Boat/image64.png","images/5.nature/image6.png","images/4.land vehicle/image75.png"
"7L1TkeUdfJ4Q1MH4bFMW","1","2019-04-11 10:28:52","415364","38","correct choice","Construction Machine",NULL,NULL,NULL,NULL,NULL,NULL,NULL
"7L1TkeUdfJ4Q1MH4bFMW","1","2019-04-11 10:28:52","415364","38","display","Construction Machine","0","images/others/image119.png","images/others/image43.png","images/1.Boat/image95.png","images/3.floating object/image47.png","images/5.nature/image36.png","images/others/image116.png"
"7L1TkeUdfJ4Q1MH4bFMW","1","2019-04-11 10:28:57","419367","39","correct choice","Construction Machine",NULL,NULL,NULL,NULL,NULL,NULL,NULL
"7L1TkeUdfJ4Q1MH4bFMW","1","2019-04-11 10:28:57","420368","39","display","Floating Object","3","images/others/image102.png","images/2.construction heavy machine/image56.png","images/others/image111.png","images/5.nature/image6.png","images/others/image97.png","images/1.Boat/image46.png"
"7L1TkeUdfJ4Q1MH4bFMW","1","2019-04-11 10:29:02","425372","40","correct choice","Floating Object",NULL,NULL,NULL,NULL,NULL,NULL,NULL
"7L1TkeUdfJ4Q1MH4bFMW","1","2019-04-11 10:29:03","426373","40","display","Construction Machine","0","images/others/image53.png","images/1.Boat/image96.png","images/3.floating object/image67.png","images/4.land vehicle/image106.png","images/5.nature/image17.png","images/3.floating object/image90.png"
"7L1TkeUdfJ4Q1MH4bFMW","1","2019-04-11 10:29:09","431386","41","correct choice","Construction Machine",NULL,NULL,NULL,NULL,NULL,NULL,NULL
"7L1TkeUdfJ4Q1MH4bFMW","1","2019-04-11 10:29:22","445400","41","display","A Tree","4","images/3.floating object/image47.png","images/3.floating object/image32.png","images/others/image79.png","images/3.floating object/image30.png","images/2.construction heavy machine/image73.png","images/4.land vehicle/image94.png"
"7L1TkeUdfJ4Q1MH4bFMW","1","2019-04-11 10:29:27","449403","42","correct choice","A Tree",NULL,NULL,NULL,NULL,NULL,NULL,NULL
"7L1TkeUdfJ4Q1MH4bFMW","1","2019-04-11 10:29:27","449403","42","display","Boat","3","images/3.floating object/image48.png","images/others/image93.png","images/4.land vehicle/image94.png","images/5.nature/image88.png","images/2.construction heavy machine/image70.png","images/others/image29.png"
"7L1TkeUdfJ4Q1MH4bFMW","1","2019-04-11 10:29:32","454407","43","correct choice","Boat",NULL,NULL,NULL,NULL,NULL,NULL,NULL
"7L1TkeUdfJ4Q1MH4bFMW","1","2019-04-11 10:29:50","473426","43","display","A Tree","1","images/others/image40.png","images/1.Boat/image99.png","images/4.land vehicle/image84.png","images/3.floating object/image108.png","images/others/image93.png","images/3.floating object/image32.png"
"7L1TkeUdfJ4Q1MH4bFMW","1","2019-04-11 10:29:57","480436","44","correct choice","A Tree",NULL,NULL,NULL,NULL,NULL,NULL,NULL
"7L1TkeUdfJ4Q1MH4bFMW","1","2019-04-11 10:30:07","489448","44","display","A Tree","2","images/others/image116.png","images/1.Boat/image11.png","images/2.construction heavy machine/image61.png","images/others/image93.png","images/others/image78.png","images/others/image100.png"
"7L1TkeUdfJ4Q1MH4bFMW","1","2019-04-11 10:30:11","493451","45","correct choice","A Tree",NULL,NULL,NULL,NULL,NULL,NULL,NULL
"7L1TkeUdfJ4Q1MH4bFMW","1","2019-04-11 10:30:16","498457","45","display","A Tree","3","images/3.floating object/image21.png","images/others/image33.png","images/others/image93.png","images/3.floating object/image90.png","images/3.floating object/image16.png","images/3.floating object/image63.png"
"7L1TkeUdfJ4Q1MH4bFMW","1","2019-04-11 10:30:19","502460","46","correct choice","A Tree",NULL,NULL,NULL,NULL,NULL,NULL,NULL
"7L1TkeUdfJ4Q1MH4bFMW","1","2019-04-11 10:30:28","510467","46","display","A Tree","0","images/1.Boat/image11.png","images/others/image111.png","images/1.Boat/image2.png","images/3.floating object/image23.png","images/3.floating object/image49.png","images/others/image110.png"
"7L1TkeUdfJ4Q1MH4bFMW","1","2019-04-11 10:30:32","515474","47","correct choice","A Tree",NULL,NULL,NULL,NULL,NULL,NULL,NULL
"7L1TkeUdfJ4Q1MH4bFMW","1","2019-04-11 10:30:35","518480","47","display","A Tree","3","images/3.floating object/image107.png","images/2.construction heavy machine/image9.png","images/others/image118.png","images/others/image112.png","images/4.land vehicle/image84.png","images/others/image74.png"
"7L1TkeUdfJ4Q1MH4bFMW","1","2019-04-11 10:30:39","522484","46","incorrect choice: index 4","A Tree",NULL,NULL,NULL,NULL,NULL,NULL,NULL
"7L1TkeUdfJ4Q1MH4bFMW","1","2019-04-11 10:30:55","538529","46","display","Land Vehicle","6","images/1.Boat/image87.png","images/others/image19.png","images/5.nature/image10.png","images/others/image109.png","images/1.Boat/image65.png","images/1.Boat/image55.png"
"7L1TkeUdfJ4Q1MH4bFMW","1","2019-04-11 10:31:00","543536","47","correct choice","Land Vehicle",NULL,NULL,NULL,NULL,NULL,NULL,NULL
"7L1TkeUdfJ4Q1MH4bFMW","1","2019-04-11 10:31:01","543536","47","display","Construction Machine","5","images/others/image51.png","images/1.Boat/image64.png","images/3.floating object/image47.png","images/1.Boat/image65.png","images/3.floating object/image76.png","images/3.floating object/image67.png"
"7L1TkeUdfJ4Q1MH4bFMW","1","2019-04-11 10:31:05","548541","48","correct choice","Construction Machine",NULL,NULL,NULL,NULL,NULL,NULL,NULL
"7L1TkeUdfJ4Q1MH4bFMW","1","2019-04-11 10:31:08","551544","48","display","Construction Machine","6","images/4.land vehicle/image83.png","images/others/image114.png","images/3.floating object/image49.png","images/1.Boat/image103.png","images/others/image78.png","images/3.floating object/image63.png"
"7L1TkeUdfJ4Q1MH4bFMW","1","2019-04-11 10:31:13","556549","49","correct choice","Construction Machine",NULL,NULL,NULL,NULL,NULL,NULL,NULL
"7L1TkeUdfJ4Q1MH4bFMW","1","2019-04-11 10:31:13","556549","49","display","A Tree","4","images/others/image113.png","images/3.floating object/image67.png","images/1.Boat/image69.png","images/others/image114.png","images/others/image102.png","images/others/image40.png"
"7L1TkeUdfJ4Q1MH4bFMW","1","2019-04-11 10:31:18","560554","50","correct choice","A Tree",NULL,NULL,NULL,NULL,NULL,NULL,NULL
"7L1TkeUdfJ4Q1MH4bFMW","1","2019-04-11 10:31:18","561554","50","display","A Tree","2","images/2.construction heavy machine/image117.png","images/3.floating object/image80.png","images/others/image91.png","images/3.floating object/image63.png","images/others/image19.png","images/4.land vehicle/image83.png"
"7L1TkeUdfJ4Q1MH4bFMW","1","2019-04-11 10:31:21","563556","51","correct choice","A Tree",NULL,NULL,NULL,NULL,NULL,NULL,NULL
"7L1TkeUdfJ4Q1MH4bFMW","1","2019-04-11 10:31:21","564558","51","display","Floating Object","0","images/others/image111.png","images/2.construction heavy machine/image105.png","images/1.Boat/image2.png","images/others/image14.png","images/1.Boat/image55.png","images/5.nature/image26.png"
"7L1TkeUdfJ4Q1MH4bFMW","1","2019-04-11 10:31:24","567560","52","correct choice","Floating Object",NULL,NULL,NULL,NULL,NULL,NULL,NULL
"7L1TkeUdfJ4Q1MH4bFMW","1","2019-04-11 10:31:29","572573","52","display","Floating Object","0","images/2.construction heavy machine/image52.png","images/5.nature/image89.png","images/others/image91.png","images/others/image79.png","images/4.land vehicle/image98.png","images/2.construction heavy machine/image105.png"
"7L1TkeUdfJ4Q1MH4bFMW","1","2019-04-11 10:31:35","578588","53","correct choice","Floating Object",NULL,NULL,NULL,NULL,NULL,NULL,NULL
"7L1TkeUdfJ4Q1MH4bFMW","1","2019-04-11 10:31:35","578588","53","display","Floating Object","3","images/others/image91.png","images/others/image118.png","images/1.Boat/image95.png","images/others/image114.png","images/1.Boat/image69.png","images/others/image40.png"
"7L1TkeUdfJ4Q1MH4bFMW","1","2019-04-11 10:31:41","583598","54","correct choice","Floating Object",NULL,NULL,NULL,NULL,NULL,NULL,NULL
"7L1TkeUdfJ4Q1MH4bFMW","1","2019-04-11 10:31:42","584600","54","display","Floating Object","2","images/5.nature/image120.png","images/others/image79.png","images/others/image1.png","images/others/image91.png","images/others/image78.png","images/others/image4.png"
"7L1TkeUdfJ4Q1MH4bFMW","1","2019-04-11 10:31:46","588612","55","correct choice","Floating Object",NULL,NULL,NULL,NULL,NULL,NULL,NULL
"7L1TkeUdfJ4Q1MH4bFMW","1","2019-04-11 10:31:47","589614","55","display","Floating Object","0","images/2.construction heavy machine/image0.png","images/4.land vehicle/image66.png","images/others/image74.png","images/5.nature/image88.png","images/others/image114.png","images/others/image40.png"
"7L1TkeUdfJ4Q1MH4bFMW","1","2019-04-11 10:31:52","594629","56","correct choice","Floating Object",NULL,NULL,NULL,NULL,NULL,NULL,NULL
"7L1TkeUdfJ4Q1MH4bFMW","1","2019-04-11 10:31:54","597634","56","display","Floating Object","4","images/others/image110.png","images/others/image121.png","images/2.construction heavy machine/image71.png","images/1.Boat/image2.png","images/4.land vehicle/image106.png","images/2.construction heavy machine/image52.png"
